Xc (inch),P (psia)
98.9105,0.26728
100.1195,0.28851
101.9158,0.34467
102.5125,0.80524
103.1135,1.29314
103.7165,1.38824
104.0165,1.53297
104.6765,1.30152
106.1825,14.9127
106.6825,15.1135
107.1835,12.6621
107.6835,13.9913
108.6805,14.5525
109.6825,15.4217
110.6825,12.9523
111.6825,11.9923
112.6825,12.2768
